id,creation_time,property1,property2,property3,property4,property5,failed,time_of_death,details,assignment_id,event_type
1,2018-06-02 03:44:56.414628,,,,,,f,,{},G1FB39,BotAssignmentSubmitted
2,2018-06-02 03:44:56.467353,,,,,,f,,{},MQU0O5,BotAssignmentSubmitted
3,2018-06-02 03:44:56.807675,,,,,,f,,{},PINZ4F,BotAssignmentSubmitted
4,2018-06-02 03:44:56.880955,,,,,,f,,{},PIB34O,BotAssignmentSubmitted
5,2018-06-02 03:44:57.311321,,,,,,f,,{},S79WSI,BotAssignmentSubmitted
6,2018-06-02 03:44:57.729856,,,,,,f,,{},RNTG4J,BotAssignmentSubmitted
7,2018-06-02 03:44:57.803875,,,,,,f,,{},LN5O5J,BotAssignmentSubmitted
8,2018-06-02 03:44:58.106646,,,,,,f,,{},K98FE2,BotAssignmentSubmitted
9,2018-06-02 03:44:58.306251,,,,,,f,,{},HAJX97,BotAssignmentSubmitted
