id,creation_time,property1,property2,property3,property4,property5,failed,time_of_death,details,type,fingerprint_hash,recruiter_id,worker_id,assignment_id,unique_id,hit_id,mode,end_time,base_pay,bonus,status
3,2018-06-02 03:34:55.630167,,,,,,f,,{},participant,1fe3d7e150e54d3480ba175bb745dc49,bots,3,G1FB39,3:G1FB39,HTKKOV,debug,2018-06-02 03:44:56.421921,,,approved
12,2018-06-02 03:34:55.863832,,,,,,f,,{},participant,274ca9a0c33f44fc8c71a5307b503403,bots,12,MQU0O5,12:MQU0O5,4KR9S9,debug,2018-06-02 03:44:56.474562,,,approved
19,2018-06-02 03:34:55.940124,,,,,,f,,{},participant,4bca4db8725b4ec690afcd23e93b8d8e,bots,19,PINZ4F,19:PINZ4F,2M7V1Y,debug,2018-06-02 03:44:56.813397,,,approved
21,2018-06-02 03:34:55.979544,,,,,,f,,{},participant,67ebc37107db4cbab7051609a0d91541,bots,21,PIB34O,21:PIB34O,RWQCPB,debug,2018-06-02 03:44:56.886236,,,approved
2,2018-06-02 03:34:55.483573,,,,,,f,,{},participant,1205985e682845c7bdfa48ac196537a0,bots,2,S79WSI,2:S79WSI,YEFYUV,debug,2018-06-02 03:44:57.316328,,,approved
7,2018-06-02 03:34:55.796009,,,,,,f,,{},participant,7e376b9eb12c43f5a4da7d082fdac984,bots,7,RNTG4J,7:RNTG4J,CGEVJW,debug,2018-06-02 03:44:57.73635,,,approved
4,2018-06-02 03:34:55.727462,,,,,,f,,{},participant,a677d95834114686a83226c91f96d9ca,bots,4,LN5O5J,4:LN5O5J,2P9EFW,debug,2018-06-02 03:44:57.809439,,,approved
16,2018-06-02 03:34:55.905582,,,,,,f,,{},participant,3905cd4fc4b34e5b8bbc25baddeaf5dd,bots,16,K98FE2,16:K98FE2,U7F5PI,debug,2018-06-02 03:44:58.112195,,,approved
1,2018-06-02 03:34:55.3514,,,,,,f,,{},participant,e36f441470d84343b7fb889b7c352302,bots,1,HAJX97,1:HAJX97,K4RBNL,debug,2018-06-02 03:44:58.311621,,,approved
