id,creation_time,property1,property2,property3,property4,property5,failed,time_of_death,details,type,participant_id,number,question,response
1,2018-06-02 03:44:56.353725,,,,,,f,,{},question,3,1,questionnaire,"{""engagement"": 4, ""difficulty"": 3}"
2,2018-06-02 03:44:56.417737,,,,,,f,,{},question,12,1,questionnaire,"{""engagement"": 4, ""difficulty"": 3}"
3,2018-06-02 03:44:56.770566,,,,,,f,,{},question,19,1,questionnaire,"{""engagement"": 4, ""difficulty"": 3}"
4,2018-06-02 03:44:56.846405,,,,,,f,,{},question,21,1,questionnaire,"{""engagement"": 4, ""difficulty"": 3}"
5,2018-06-02 03:44:57.276676,,,,,,f,,{},question,2,1,questionnaire,"{""engagement"": 4, ""difficulty"": 3}"
6,2018-06-02 03:44:57.68721,,,,,,f,,{},question,7,1,questionnaire,"{""engagement"": 4, ""difficulty"": 3}"
7,2018-06-02 03:44:57.768603,,,,,,f,,{},question,4,1,questionnaire,"{""engagement"": 4, ""difficulty"": 3}"
8,2018-06-02 03:44:58.068728,,,,,,f,,{},question,16,1,questionnaire,"{""engagement"": 4, ""difficulty"": 3}"
9,2018-06-02 03:44:58.267256,,,,,,f,,{},question,1,1,questionnaire,"{""engagement"": 4, ""difficulty"": 3}"
