id,creation_time,property1,property2,property3,property4,property5,failed,time_of_death,details,assignment_id,event_type
1,2018-04-25 20:13:40.281835,,,,,,f,,{},3PW9OPU9PRD58E9QXI610W51RGN127,AssignmentAccepted
2,2018-04-25 20:13:40.813018,,,,,,f,,{},3JJVG1YBECQYK9A5HY1O4FLMX255BV,AssignmentAccepted
3,2018-04-25 20:13:41.403929,,,,,,f,,{},3X66WABAJXBRXBVCJ159QTEZZJ63GK,AssignmentAccepted
4,2018-04-25 20:13:41.941867,,,,,,f,,{},3W2LOLRXLC8OIZCXKIRK6J98CE3KR8,AssignmentAccepted
5,2018-04-25 20:13:42.527796,,,,,,f,,{},354P56DE9LWCOZ5QGD2GSO9ISWM7SD,AssignmentAccepted
6,2018-04-25 20:13:43.074712,,,,,,f,,{},3YDTZAI2WY9FBSOD1WPPTB2ZBUJ143,AssignmentAccepted
7,2018-04-25 20:13:43.660338,,,,,,f,,{},3IOEN3P9S8CTQFSRKKI4Q9MD7LP16O,AssignmentAccepted
8,2018-04-25 20:13:44.210544,,,,,,f,,{},31Q0U3WYDQ8CUF6W3UNWWNM92W917N,AssignmentAccepted
9,2018-04-25 20:13:44.751349,,,,,,f,,{},3FIJLY1B6VXSQ0446FWYLBHO30YFP9,AssignmentAccepted
10,2018-04-25 20:13:45.314323,,,,,,f,,{},3O7L7BFSHFI830H4Y9M8UWVC5LOIEI,AssignmentAccepted
11,2018-04-25 20:13:45.887343,,,,,,f,,{},3IKZ72A5B59SNFSRQ0J6HMCT3LXFND,AssignmentAccepted
12,2018-04-25 20:13:46.417936,,,,,,f,,{},358UUM7WR0W0NK5D1O2B2E4M6U37RP,AssignmentAccepted
13,2018-04-25 20:13:47.004524,,,,,,f,,{},3JC6VJ2SACCT1Z5DBK1S941GFKK5A0,AssignmentAccepted
14,2018-04-25 20:13:47.53213,,,,,,f,,{},3NC5L260MPFA50S3RFJJWBCYTV2FOS,AssignmentAccepted
15,2018-04-25 20:13:48.11266,,,,,,f,,{},33C7UALJVMRGUTBFDZF2ANI4DGF18A,AssignmentAccepted
16,2018-04-25 20:13:48.651574,,,,,,f,,{},3L70J4KAZHFO5CK6QQJB7GP8S1IDAG,AssignmentAccepted
17,2018-04-25 20:13:49.207894,,,,,,f,,{},3KOPY89HM9V1ODLDR7QCN66FRBN3JO,AssignmentAccepted
18,2018-04-25 20:13:49.788402,,,,,,f,,{},3N4BPTXIO9LGYR4EOCMPBUWSJD7KUC,AssignmentAccepted
19,2018-04-25 20:13:50.305862,,,,,,f,,{},3STRJBFXOXK1YEPPO7WF6YAQ0Z0KTL,AssignmentAccepted
20,2018-04-25 20:13:50.915767,,,,,,f,,{},3GA6AFUKOPH5X7QN37NRBTQ0EJJ3HJ,AssignmentAccepted
21,2018-04-25 20:13:51.40108,,,,,,f,,{},3WAKVUDHUX9S3CXU5IXG7PR6DT77UT,AssignmentAccepted
22,2018-04-25 20:13:52.012206,,,,,,f,,{},3R8YZBNQ9IB0BJQDO9DBXOUHA817QO,AssignmentAccepted
23,2018-04-25 20:13:52.49082,,,,,,f,,{},3PXX5PX6LYRVQFMMCUS5CQ18PG6AB6,AssignmentAccepted
24,2018-04-25 20:13:53.111833,,,,,,f,,{},3E7TUJ2EGDFA0TA1YK5BBLEOMJ0D91,AssignmentAccepted
25,2018-04-25 20:13:53.57534,,,,,,f,,{},3YT88D1N09RWZXRV9SQOOL6S60N3KN,AssignmentAccepted
26,2018-04-25 20:13:54.259758,,,,,,f,,{},3L70J4KAZHFO5CK6QQJB7GP8S1IADD,AssignmentAccepted
27,2018-04-25 20:13:54.772031,,,,,,f,,{},3LQ8PUHQFMLKNA86OAUEFZSPX1GIHY,AssignmentAccepted
28,2018-04-25 20:14:05.664399,,,,,,f,,{},3P1L2B7AD2IW5S2ZDQMHROHIQRILOX,AssignmentSubmitted
29,2018-04-25 20:14:51.628377,,,,,,f,,{},3OHYZ19UGDYF99BVGZXRIA17WFPOAO,AssignmentAccepted
30,2018-04-25 20:14:56.606611,,,,,,f,,{},3NC5L260MPFA50S3RFJJWBCYTV2FOS,AssignmentReturned
31,2018-04-25 20:15:05.626821,,,,,,f,,{},3NC5L260MPFA50S3RFJJWBCYTV2FOS,AssignmentAccepted
32,2018-04-25 20:16:55.530606,,,,,,f,,{},3OHYZ19UGDYF99BVGZXRIA17WFPOAO,AssignmentSubmitted
33,2018-04-25 20:17:29.372452,,,,,,f,,{},3JJVG1YBECQYK9A5HY1O4FLMX255BV,AssignmentSubmitted
34,2018-04-25 20:17:52.576265,,,,,,f,,{},3O7L7BFSHFI830H4Y9M8UWVC5LOIEI,AssignmentSubmitted
35,2018-04-25 20:17:59.631481,,,,,,f,,{},3V5Q80FXIYK1IHN5KMKKOPKYP0W23V,AssignmentSubmitted
36,2018-04-25 20:18:16.020697,,,,,,f,,{},37TD41K0AI2I0G0M7UAR8A1WT7ECSC,AssignmentAccepted
37,2018-04-25 20:18:27.347283,,,,,,f,,{},3IOEN3P9S8CTQFSRKKI4Q9MD7LP16O,AssignmentSubmitted
38,2018-04-25 20:18:34.080969,,,,,,f,,{},3L70J4KAZHFO5CK6QQJB7GP8S1IADD,AssignmentSubmitted
39,2018-04-25 20:18:51.771765,,,,,,f,,{},3WJ1OXY92B9COHOF9I8VLOB7HAMA88,AssignmentAccepted
40,2018-04-25 20:20:23.258732,,,,,,f,,{},3WJ1OXY92B9COHOF9I8VLOB7HAMA88,AssignmentSubmitted
41,2018-04-25 20:20:28.810127,,,,,,f,,{},37TD41K0AI2I0G0M7UAR8A1WT7ECSC,AssignmentSubmitted
42,2018-04-25 20:21:54.52698,,,,,,f,,{},3WAKVUDHUX9S3CXU5IXG7PR6DT77UT,AssignmentReturned
43,2018-04-25 20:22:31.064268,,,,,,f,,{},3WAKVUDHUX9S3CXU5IXG7PR6DT77UT,AssignmentAccepted
44,2018-04-25 20:24:15.29604,,,,,,f,,{},3L70J4KAZHFO5CK6QQJB7GP8S1IDAG,AssignmentSubmitted
45,2018-04-25 20:24:48.939205,,,,,,f,,{},3SPJ033422W24GI1GSJ2D02S0CCJY4,AssignmentSubmitted
46,2018-04-25 20:25:14.492515,,,,,,f,,{},3YT88D1N09RWZXRV9SQOOL6S60N3KN,AssignmentReturned
47,2018-04-25 20:25:16.958285,,,,,,f,,{},3A4NIXBJ77S85PHN0A74ZKSDVR3LMI,AssignmentSubmitted
48,2018-04-25 20:25:26.620327,,,,,,f,,{},3YT88D1N09RWZXRV9SQOOL6S60N3KN,AssignmentAccepted
49,2018-04-25 20:25:40.94423,,,,,,f,,{},3WAKVUDHUX9S3CXU5IXG7PR6DT77UT,AssignmentSubmitted
50,2018-04-25 20:27:18.301043,,,,,,f,,{},3YDTZAI2WY9FBSOD1WPPTB2ZBUJ143,AssignmentSubmitted
51,2018-04-25 20:27:24.978258,,,,,,f,,{},33C7UALJVMRGUTBFDZF2ANI4DGF18A,AssignmentSubmitted
52,2018-04-25 20:27:35.69492,,,,,,f,,{},3PW9OPU9PRD58E9QXI610W51RGN127,AssignmentSubmitted
53,2018-04-25 20:27:35.930416,,,,,,f,,{},3R8YZBNQ9IB0BJQDO9DBXOUHA817QO,AssignmentSubmitted
54,2018-04-25 20:28:07.374066,,,,,,f,,{},3STRJBFXOXK1YEPPO7WF6YAQ0Z0KTL,AssignmentSubmitted
55,2018-04-25 20:28:07.580483,,,,,,f,,{},3E7TUJ2EGDFA0TA1YK5BBLEOMJ0D91,AssignmentSubmitted
56,2018-04-25 20:28:10.337301,,,,,,f,,{},3X66WABAJXBRXBVCJ159QTEZZJ63GK,AssignmentSubmitted
57,2018-04-25 20:28:52.541925,,,,,,f,,{},3PXX5PX6LYRVQFMMCUS5CQ18PG6AB6,AssignmentSubmitted
58,2018-04-25 20:30:03.69043,,,,,,f,,{},3IKZ72A5B59SNFSRQ0J6HMCT3LXFND,AssignmentReturned
59,2018-04-25 20:30:14.937958,,,,,,f,,{},3N4BPTXIO9LGYR4EOCMPBUWSJD7KUC,AssignmentSubmitted
60,2018-04-25 20:30:14.832939,,,,,,f,,{},3JC6VJ2SACCT1Z5DBK1S941GFKK5A0,AssignmentSubmitted
61,2018-04-25 20:30:43.932501,,,,,,f,,{},3IKZ72A5B59SNFSRQ0J6HMCT3LXFND,AssignmentAccepted
62,2018-04-25 20:32:36.942518,,,,,,f,,{},3FIJLY1B6VXSQ0446FWYLBHO30YFP9,AssignmentSubmitted
63,2018-04-25 20:32:37.155438,,,,,,f,,{},3NC5L260MPFA50S3RFJJWBCYTV2FOS,AssignmentSubmitted
64,2018-04-25 20:32:55.79625,,,,,,f,,{},34X6J5FLPURTVERFPI280EZQ13VJQ1,AssignmentSubmitted
65,2018-04-25 20:33:29.121759,,,,,,f,,{},354P56DE9LWCOZ5QGD2GSO9ISWM7SD,AssignmentSubmitted
66,2018-04-25 20:33:55.607749,,,,,,f,,{},3KXIR214I59M0D69K0P3YUC430S24G,AssignmentSubmitted
67,2018-04-25 20:35:17.818692,,,,,,f,,{},3W2LOLRXLC8OIZCXKIRK6J98CE3KR8,AssignmentReturned
68,2018-04-25 20:35:54.680499,,,,,,f,,{},39U1BHVTDMKV2GHI314GPCTOPDH3TW,AssignmentAccepted
69,2018-04-25 20:36:05.002002,,,,,,f,,{},3IKZ72A5B59SNFSRQ0J6HMCT3LXFND,AssignmentSubmitted
70,2018-04-25 20:38:37.004685,,,,,,f,,{},3KOPY89HM9V1ODLDR7QCN66FRBN3JO,AssignmentReturned
71,2018-04-25 20:38:41.620016,,,,,,f,,{},3KOPY89HM9V1ODLDR7QCN66FRBN3JO,AssignmentAccepted
