id,creation_time,property1,property2,property3,property4,property5,failed,time_of_death,details,type,fingerprint_hash,worker_id,assignment_id,unique_id,hit_id,mode,end_time,base_pay,bonus,status
9,2018-04-25 20:16:50.486945,,,,,,f,,{},participant,undefined,9,3YDTZAI2WY9FBSOD1WPPTB2ZBUJ143,9:3YDTZAI2WY9FBSOD1WPPTB2ZBUJ143,3G3AJKPCXLL9EE1MNJRWJEHOEK04Y4,undefined,2018-04-25 20:27:18.309535,1,1.29,approved
14,2018-04-25 20:23:40.698635,,,,,,f,,{},participant,undefined,14,3L70J4KAZHFO5CK6QQJB7GP8S1IDAG,14:3L70J4KAZHFO5CK6QQJB7GP8S1IDAG,3G3AJKPCXLL9EE1MNJRWJEHOEK04Y4,undefined,2018-04-25 20:24:15.303727,1,0,approved
10,2018-04-25 20:17:02.00295,,,,,,f,,{},participant,undefined,10,3JJVG1YBECQYK9A5HY1O4FLMX255BV,10:3JJVG1YBECQYK9A5HY1O4FLMX255BV,3G3AJKPCXLL9EE1MNJRWJEHOEK04Y4,undefined,2018-04-25 20:17:29.380613,1,0,approved
8,2018-04-25 20:16:50.313933,,,,,,f,,{},participant,undefined,8,3YT88D1N09RWZXRV9SQOOL6S60N3KN,8:3YT88D1N09RWZXRV9SQOOL6S60N3KN,3G3AJKPCXLL9EE1MNJRWJEHOEK04Y4,undefined,2018-04-25 20:25:14.500785,,,returned
11,2018-04-25 20:17:17.52001,,,,,,f,,{},participant,undefined,11,3O7L7BFSHFI830H4Y9M8UWVC5LOIEI,11:3O7L7BFSHFI830H4Y9M8UWVC5LOIEI,3G3AJKPCXLL9EE1MNJRWJEHOEK04Y4,undefined,2018-04-25 20:17:52.584064,1,0,approved
5,2018-04-25 20:15:29.693181,,,,,,f,,{},participant,undefined,5,3STRJBFXOXK1YEPPO7WF6YAQ0Z0KTL,5:3STRJBFXOXK1YEPPO7WF6YAQ0Z0KTL,3G3AJKPCXLL9EE1MNJRWJEHOEK04Y4,undefined,2018-04-25 20:28:07.438586,1,0,approved
12,2018-04-25 20:18:07.218133,,,,,,f,,{},participant,undefined,12,3IOEN3P9S8CTQFSRKKI4Q9MD7LP16O,12:3IOEN3P9S8CTQFSRKKI4Q9MD7LP16O,3G3AJKPCXLL9EE1MNJRWJEHOEK04Y4,undefined,2018-04-25 20:18:27.355522,1,0,approved
15,2018-04-25 20:25:13.86623,,,,,,f,,{},participant,undefined,15,3WAKVUDHUX9S3CXU5IXG7PR6DT77UT,15:3WAKVUDHUX9S3CXU5IXG7PR6DT77UT,3G3AJKPCXLL9EE1MNJRWJEHOEK04Y4,undefined,2018-04-25 20:25:40.952429,1,0,approved
13,2018-04-25 20:18:08.398354,,,,,,f,,{},participant,undefined,13,3L70J4KAZHFO5CK6QQJB7GP8S1IADD,13:3L70J4KAZHFO5CK6QQJB7GP8S1IADD,3G3AJKPCXLL9EE1MNJRWJEHOEK04Y4,undefined,2018-04-25 20:18:34.089378,1,0,approved
6,2018-04-25 20:15:40.00181,,,,,,f,,{},participant,undefined,6,33C7UALJVMRGUTBFDZF2ANI4DGF18A,6:33C7UALJVMRGUTBFDZF2ANI4DGF18A,3G3AJKPCXLL9EE1MNJRWJEHOEK04Y4,undefined,2018-04-25 20:27:24.98684,1,0,approved
4,2018-04-25 20:15:18.523806,,,,,,f,,{},participant,undefined,4,3E7TUJ2EGDFA0TA1YK5BBLEOMJ0D91,4:3E7TUJ2EGDFA0TA1YK5BBLEOMJ0D91,3G3AJKPCXLL9EE1MNJRWJEHOEK04Y4,undefined,2018-04-25 20:28:07.598708,1,0.01,approved
19,2018-04-25 20:32:26.660454,,,,,,f,,{},participant,undefined,19,3FIJLY1B6VXSQ0446FWYLBHO30YFP9,19:3FIJLY1B6VXSQ0446FWYLBHO30YFP9,3G3AJKPCXLL9EE1MNJRWJEHOEK04Y4,undefined,2018-04-25 20:32:36.950906,1,0,approved
7,2018-04-25 20:16:06.011596,,,,,,f,,{},participant,undefined,7,3X66WABAJXBRXBVCJ159QTEZZJ63GK,7:3X66WABAJXBRXBVCJ159QTEZZJ63GK,3G3AJKPCXLL9EE1MNJRWJEHOEK04Y4,undefined,2018-04-25 20:28:10.345702,1,0.01,approved
18,2018-04-25 20:31:44.335777,,,,,,f,,{},participant,undefined,18,3NC5L260MPFA50S3RFJJWBCYTV2FOS,18:3NC5L260MPFA50S3RFJJWBCYTV2FOS,3G3AJKPCXLL9EE1MNJRWJEHOEK04Y4,undefined,2018-04-25 20:32:37.163649,1,0,approved
16,2018-04-25 20:29:50.648028,,,,,,f,,{},participant,undefined,16,3N4BPTXIO9LGYR4EOCMPBUWSJD7KUC,16:3N4BPTXIO9LGYR4EOCMPBUWSJD7KUC,3G3AJKPCXLL9EE1MNJRWJEHOEK04Y4,undefined,2018-04-25 20:30:14.946618,1,0,approved
2,2018-04-25 20:14:23.14969,,,,,,f,,{},participant,undefined,2,3PXX5PX6LYRVQFMMCUS5CQ18PG6AB6,2:3PXX5PX6LYRVQFMMCUS5CQ18PG6AB6,3G3AJKPCXLL9EE1MNJRWJEHOEK04Y4,undefined,2018-04-25 20:28:52.550418,1,1.29,approved
3,2018-04-25 20:14:44.802827,,,,,,f,,{},participant,undefined,3,3PW9OPU9PRD58E9QXI610W51RGN127,3:3PW9OPU9PRD58E9QXI610W51RGN127,3G3AJKPCXLL9EE1MNJRWJEHOEK04Y4,undefined,2018-04-25 20:27:35.703333,1,1.29,approved
1,2018-04-25 20:13:53.12504,,,,,,f,,{},participant,undefined,1,3R8YZBNQ9IB0BJQDO9DBXOUHA817QO,1:3R8YZBNQ9IB0BJQDO9DBXOUHA817QO,3G3AJKPCXLL9EE1MNJRWJEHOEK04Y4,undefined,2018-04-25 20:27:35.939123,1,0.01,approved
17,2018-04-25 20:29:50.68454,,,,,,f,,{},participant,undefined,17,3JC6VJ2SACCT1Z5DBK1S941GFKK5A0,17:3JC6VJ2SACCT1Z5DBK1S941GFKK5A0,3G3AJKPCXLL9EE1MNJRWJEHOEK04Y4,undefined,2018-04-25 20:30:14.841677,1,0,approved
21,2018-04-25 20:35:22.547387,,,,,,f,,{},participant,undefined,21,3IKZ72A5B59SNFSRQ0J6HMCT3LXFND,21:3IKZ72A5B59SNFSRQ0J6HMCT3LXFND,3G3AJKPCXLL9EE1MNJRWJEHOEK04Y4,undefined,2018-04-25 20:36:05.010303,1,0,approved
20,2018-04-25 20:33:19.294818,,,,,,f,,{},participant,undefined,20,354P56DE9LWCOZ5QGD2GSO9ISWM7SD,20:354P56DE9LWCOZ5QGD2GSO9ISWM7SD,3G3AJKPCXLL9EE1MNJRWJEHOEK04Y4,undefined,2018-04-25 20:33:29.130442,1,0,approved
22,2018-04-25 20:39:02.096387,,,,,,f,,{},participant,undefined,22,3KOPY89HM9V1ODLDR7QCN66FRBN3JO,22:3KOPY89HM9V1ODLDR7QCN66FRBN3JO,3G3AJKPCXLL9EE1MNJRWJEHOEK04Y4,undefined,2018-04-25 20:39:05.598138,,,working
