id,creation_time,property1,property2,property3,property4,property5,failed,time_of_death,details,type,participant_id,number,question,response
1,2018-04-25 20:27:09.018963,,,,,,f,,{},question,9,1,questionnaire,"{""engagement"":""6"",""difficulty"":""6""}"
2,2018-04-25 20:27:09.159807,,,,,,f,,{},question,5,1,questionnaire,"{""engagement"":""6"",""difficulty"":""5""}"
3,2018-04-25 20:27:09.447242,,,,,,f,,{},question,2,1,questionnaire,"{""engagement"":""7"",""difficulty"":""3""}"
4,2018-04-25 20:27:10.14734,,,,,,f,,{},question,1,1,questionnaire,"{""engagement"":""1"",""difficulty"":""1""}"
5,2018-04-25 20:27:12.120916,,,,,,f,,{},question,3,1,questionnaire,"{""engagement"":""7"",""difficulty"":""4""}"
6,2018-04-25 20:27:13.87809,,,,,,f,,{},question,6,1,questionnaire,"{""engagement"":""4"",""difficulty"":""4""}"
7,2018-04-25 20:27:14.984097,,,,,,f,,{},question,4,1,questionnaire,"{""engagement"":""4"",""difficulty"":""1""}"
8,2018-04-25 20:27:16.125453,,,,,,f,,{},question,7,1,questionnaire,"{""engagement"":""6"",""difficulty"":""3""}"
