id,creation_time,property1,property2,property3,property4,property5,failed,time_of_death,details,assignment_id,event_type
1,2018-06-02 04:05:50.029504,,,,,,f,,{},61C0C4,BotAssignmentSubmitted
2,2018-06-02 04:05:50.033218,,,,,,f,,{},00LTES,BotAssignmentSubmitted
3,2018-06-02 04:05:50.036395,,,,,,f,,{},KWMQ77,BotAssignmentSubmitted
4,2018-06-02 04:05:50.163196,,,,,,f,,{},SJUM3A,BotAssignmentSubmitted
5,2018-06-02 04:05:50.16565,,,,,,f,,{},YHEZ4M,BotAssignmentSubmitted
6,2018-06-02 04:05:50.265498,,,,,,f,,{},QXQMN1,BotAssignmentSubmitted
7,2018-06-02 04:05:50.60513,,,,,,f,,{},4O8W1A,BotAssignmentSubmitted
8,2018-06-02 04:05:50.912855,,,,,,f,,{},YUYB86,BotAssignmentSubmitted
9,2018-06-02 04:05:51.57166,,,,,,f,,{},6JFE1T,BotAssignmentSubmitted
