id,creation_time,property1,property2,property3,property4,property5,failed,time_of_death,details,type,fingerprint_hash,recruiter_id,worker_id,assignment_id,unique_id,hit_id,mode,end_time,base_pay,bonus,status
1,2018-06-02 03:55:49.08393,,,,,,f,,{},participant,8bbda32cae3c4dbfa1b056558dbcba7f,bots,1,61C0C4,1:61C0C4,PM16H0,debug,2018-06-02 04:05:50.039269,,,approved
11,2018-06-02 03:55:49.588227,,,,,,f,,{},participant,a8ccd7f0a0244a89b996dfc3b14f7443,bots,11,00LTES,11:00LTES,1TU1ZA,debug,2018-06-02 04:05:50.043891,,,approved
13,2018-06-02 03:55:49.62312,,,,,,f,,{},participant,a123da93c5a74b88b52f715c275eaf98,bots,13,KWMQ77,13:KWMQ77,9VKUU7,debug,2018-06-02 04:05:50.044837,,,approved
6,2018-06-02 03:55:49.406145,,,,,,f,,{},participant,bccffb666c974f3da1891a6049e95e0c,bots,6,SJUM3A,6:SJUM3A,M4POFU,debug,2018-06-02 04:05:50.170306,,,approved
3,2018-06-02 03:55:49.213096,,,,,,f,,{},participant,51a3a10df6b64a7bbaa678dea1e63a42,bots,3,YHEZ4M,3:YHEZ4M,C7VNRW,debug,2018-06-02 04:05:50.173689,,,approved
5,2018-06-02 03:55:49.325924,,,,,,f,,{},participant,7ed2404433cb45b48ec4848816c6ffbd,bots,5,QXQMN1,5:QXQMN1,DKVIS8,debug,2018-06-02 04:05:50.272275,,,approved
9,2018-06-02 03:55:49.544986,,,,,,f,,{},participant,7f94ab744989466aac1dbb1e33b335e5,bots,9,4O8W1A,9:4O8W1A,QWT1LX,debug,2018-06-02 04:05:50.611392,,,approved
7,2018-06-02 03:55:49.465845,,,,,,f,,{},participant,b901984bfd854edcad9294c7545a2759,bots,7,YUYB86,7:YUYB86,V2EPWB,debug,2018-06-02 04:05:50.919629,,,approved
4,2018-06-02 03:55:49.269738,,,,,,f,,{},participant,da0f237dc59c48b7880c2e2e481397bc,bots,4,6JFE1T,4:6JFE1T,V5AYSO,debug,2018-06-02 04:05:51.577502,,,approved
