id,creation_time,property1,property2,property3,property4,property5,failed,time_of_death,details,type,participant_id,number,question,response
1,2018-06-02 04:05:49.958923,,,,,,f,,{},question,11,1,questionnaire,"{""engagement"": 4, ""difficulty"": 3}"
2,2018-06-02 04:05:49.960089,,,,,,f,,{},question,13,1,questionnaire,"{""engagement"": 4, ""difficulty"": 3}"
3,2018-06-02 04:05:49.963449,,,,,,f,,{},question,1,1,questionnaire,"{""engagement"": 4, ""difficulty"": 3}"
4,2018-06-02 04:05:50.112221,,,,,,f,,{},question,6,1,questionnaire,"{""engagement"": 4, ""difficulty"": 3}"
5,2018-06-02 04:05:50.115072,,,,,,f,,{},question,3,1,questionnaire,"{""engagement"": 4, ""difficulty"": 3}"
6,2018-06-02 04:05:50.223864,,,,,,f,,{},question,5,1,questionnaire,"{""engagement"": 4, ""difficulty"": 3}"
7,2018-06-02 04:05:50.562138,,,,,,f,,{},question,9,1,questionnaire,"{""engagement"": 4, ""difficulty"": 3}"
8,2018-06-02 04:05:50.874951,,,,,,f,,{},question,7,1,questionnaire,"{""engagement"": 4, ""difficulty"": 3}"
9,2018-06-02 04:05:51.527595,,,,,,f,,{},question,4,1,questionnaire,"{""engagement"": 4, ""difficulty"": 3}"
