id,creation_time,property1,property2,property3,property4,property5,failed,time_of_death,details,assignment_id,event_type
1,2018-06-02 06:18:21.451674,,,,,,f,,{},AOUDVX,BotAssignmentSubmitted
2,2018-06-02 06:18:21.773932,,,,,,f,,{},5SEPKI,BotAssignmentSubmitted
3,2018-06-02 06:18:21.940805,,,,,,f,,{},JFP4PG,BotAssignmentSubmitted
4,2018-06-02 06:18:22.199512,,,,,,f,,{},62RFYQ,BotAssignmentSubmitted
5,2018-06-02 06:18:22.205881,,,,,,f,,{},FLQ719,BotAssignmentSubmitted
6,2018-06-02 06:18:22.269668,,,,,,f,,{},QMPHKM,BotAssignmentSubmitted
7,2018-06-02 06:18:23.315946,,,,,,f,,{},8IHT4G,BotAssignmentSubmitted
8,2018-06-02 06:18:24.284162,,,,,,f,,{},LOVHK4,BotAssignmentSubmitted
9,2018-06-02 06:18:24.840903,,,,,,f,,{},12KBM5,BotAssignmentSubmitted
