id,creation_time,property1,property2,property3,property4,property5,failed,time_of_death,details,type,fingerprint_hash,recruiter_id,worker_id,assignment_id,unique_id,hit_id,mode,end_time,base_pay,bonus,status
3,2018-06-02 06:08:20.603803,,,,,,f,,{},participant,da54c96bd9e640469606e652f4c1eb3b,bots,3,AOUDVX,3:AOUDVX,7BWWWX,debug,2018-06-02 06:18:21.457711,,,approved
4,2018-06-02 06:08:20.74582,,,,,,f,,{},participant,22b9c2205c1444058f910510d8365038,bots,4,5SEPKI,4:5SEPKI,SGCDVQ,debug,2018-06-02 06:18:21.780112,,,approved
14,2018-06-02 06:08:20.949173,,,,,,f,,{},participant,63343aa55917451dab698a4c870298d1,bots,14,JFP4PG,14:JFP4PG,8B0JWS,debug,2018-06-02 06:18:21.946507,,,approved
17,2018-06-02 06:08:20.986116,,,,,,f,,{},participant,77417ed9c284404bb1c0bfa74cfedaf7,bots,17,62RFYQ,17:62RFYQ,YUB1AP,debug,2018-06-02 06:18:22.209777,,,approved
1,2018-06-02 06:08:20.340213,,,,,,f,,{},participant,e4f4212fcf384faebd587d1d44f18a2a,bots,1,FLQ719,1:FLQ719,7V558H,debug,2018-06-02 06:18:22.213566,,,approved
7,2018-06-02 06:08:20.833913,,,,,,f,,{},participant,1d8c8a71a6e7453c9b9870868e057032,bots,7,QMPHKM,7:QMPHKM,7J5UX2,debug,2018-06-02 06:18:22.276286,,,approved
19,2018-06-02 06:08:21.008173,,,,,,f,,{},participant,f2c161e2db774762b32402f8eec36621,bots,19,8IHT4G,19:8IHT4G,07EK8R,debug,2018-06-02 06:18:23.321296,,,approved
2,2018-06-02 06:08:20.438918,,,,,,f,,{},participant,ebae2dbf6fb243659029ae11cca9b612,bots,2,LOVHK4,2:LOVHK4,D86UIU,debug,2018-06-02 06:18:24.290736,,,approved
10,2018-06-02 06:08:20.887045,,,,,,f,,{},participant,e6961bf4749440e4a48a15dc22f3f498,bots,10,12KBM5,10:12KBM5,NH6ABO,debug,2018-06-02 06:18:24.846445,,,approved
