id,creation_time,property1,property2,property3,property4,property5,failed,time_of_death,details,type,participant_id,number,question,response
1,2018-06-02 06:18:21.410912,,,,,,f,,{},question,3,1,questionnaire,"{""engagement"": 4, ""difficulty"": 3}"
2,2018-06-02 06:18:21.733556,,,,,,f,,{},question,4,1,questionnaire,"{""engagement"": 4, ""difficulty"": 3}"
3,2018-06-02 06:18:21.901246,,,,,,f,,{},question,14,1,questionnaire,"{""engagement"": 4, ""difficulty"": 3}"
4,2018-06-02 06:18:22.149897,,,,,,f,,{},question,17,1,questionnaire,"{""engagement"": 4, ""difficulty"": 3}"
5,2018-06-02 06:18:22.162548,,,,,,f,,{},question,1,1,questionnaire,"{""engagement"": 4, ""difficulty"": 3}"
6,2018-06-02 06:18:22.230072,,,,,,f,,{},question,7,1,questionnaire,"{""engagement"": 4, ""difficulty"": 3}"
7,2018-06-02 06:18:23.279107,,,,,,f,,{},question,19,1,questionnaire,"{""engagement"": 4, ""difficulty"": 3}"
8,2018-06-02 06:18:24.243891,,,,,,f,,{},question,2,1,questionnaire,"{""engagement"": 4, ""difficulty"": 3}"
9,2018-06-02 06:18:24.8052,,,,,,f,,{},question,10,1,questionnaire,"{""engagement"": 4, ""difficulty"": 3}"
