id,creation_time,property1,property2,property3,property4,property5,failed,time_of_death,details,assignment_id,event_type
1,2018-06-02 06:54:48.321858,,,,,,f,,{},OEBLLQ,BotAssignmentSubmitted
2,2018-06-02 06:54:48.420675,,,,,,f,,{},2ORD8N,BotAssignmentSubmitted
3,2018-06-02 06:54:48.610243,,,,,,f,,{},5TCH2E,BotAssignmentSubmitted
4,2018-06-02 06:54:48.925533,,,,,,f,,{},IHNH5T,BotAssignmentSubmitted
5,2018-06-02 06:54:49.280727,,,,,,f,,{},MVWH8M,BotAssignmentSubmitted
6,2018-06-02 06:54:49.285916,,,,,,f,,{},JCEXGI,BotAssignmentSubmitted
7,2018-06-02 06:54:49.329449,,,,,,f,,{},I0WE7Y,BotAssignmentSubmitted
8,2018-06-02 06:54:49.453553,,,,,,f,,{},11S0NV,BotAssignmentSubmitted
9,2018-06-02 06:54:49.472592,,,,,,f,,{},4G2YFR,BotAssignmentSubmitted
