id,creation_time,property1,property2,property3,property4,property5,failed,time_of_death,details,type,fingerprint_hash,recruiter_id,worker_id,assignment_id,unique_id,hit_id,mode,end_time,base_pay,bonus,status
1,2018-06-02 06:44:47.364891,,,,,,f,,{},participant,03fd096912a94e73bfa2a895e5dd7d91,bots,1,OEBLLQ,1:OEBLLQ,O9DFXM,debug,2018-06-02 06:54:48.328825,,,approved
6,2018-06-02 06:44:47.80315,,,,,,f,,{},participant,0b20cb047d1a492898ddb143d9e33dab,bots,6,2ORD8N,6:2ORD8N,6PUE7M,debug,2018-06-02 06:54:48.426563,,,approved
3,2018-06-02 06:44:47.625706,,,,,,f,,{},participant,30937cca23cc4dc68b297fae713e0262,bots,3,5TCH2E,3:5TCH2E,5IGYH6,debug,2018-06-02 06:54:48.616251,,,approved
10,2018-06-02 06:44:47.853293,,,,,,f,,{},participant,b79129f7031041a4a9985acb53d8723c,bots,10,IHNH5T,10:IHNH5T,4C50UZ,debug,2018-06-02 06:54:48.933194,,,approved
2,2018-06-02 06:44:47.5192,,,,,,f,,{},participant,d0e67590f6ee4526a8c7dd4371cb0f55,bots,2,MVWH8M,2:MVWH8M,7CA47V,debug,2018-06-02 06:54:49.29141,,,approved
14,2018-06-02 06:44:47.915076,,,,,,f,,{},participant,8f650e475dc340e69f6e45fa9f50a1b8,bots,14,JCEXGI,14:JCEXGI,AWC45W,debug,2018-06-02 06:54:49.29412,,,approved
19,2018-06-02 06:44:47.975024,,,,,,f,,{},participant,80d1887af8c64921900306d117f31977,bots,19,I0WE7Y,19:I0WE7Y,57TTIO,debug,2018-06-02 06:54:49.336032,,,approved
17,2018-06-02 06:44:47.950438,,,,,,f,,{},participant,9b2ac826da8f40cbb3393e97a4e82464,bots,17,11S0NV,17:11S0NV,Z3CW0O,debug,2018-06-02 06:54:49.460577,,,approved
4,2018-06-02 06:44:47.718132,,,,,,f,,{},participant,83911212af03481cbf6fbf342f484f45,bots,4,4G2YFR,4:4G2YFR,V82424,debug,2018-06-02 06:54:49.478319,,,approved
