id,creation_time,property1,property2,property3,property4,property5,failed,time_of_death,details,type,participant_id,number,question,response
1,2018-06-02 06:54:48.275695,,,,,,f,,{},question,1,1,questionnaire,"{""engagement"": 4, ""difficulty"": 3}"
2,2018-06-02 06:54:48.385044,,,,,,f,,{},question,6,1,questionnaire,"{""engagement"": 4, ""difficulty"": 3}"
3,2018-06-02 06:54:48.57054,,,,,,f,,{},question,3,1,questionnaire,"{""engagement"": 4, ""difficulty"": 3}"
4,2018-06-02 06:54:48.887352,,,,,,f,,{},question,10,1,questionnaire,"{""engagement"": 4, ""difficulty"": 3}"
5,2018-06-02 06:54:49.232565,,,,,,f,,{},question,2,1,questionnaire,"{""engagement"": 4, ""difficulty"": 3}"
6,2018-06-02 06:54:49.239698,,,,,,f,,{},question,14,1,questionnaire,"{""engagement"": 4, ""difficulty"": 3}"
7,2018-06-02 06:54:49.289575,,,,,,f,,{},question,19,1,questionnaire,"{""engagement"": 4, ""difficulty"": 3}"
8,2018-06-02 06:54:49.410747,,,,,,f,,{},question,17,1,questionnaire,"{""engagement"": 4, ""difficulty"": 3}"
9,2018-06-02 06:54:49.421657,,,,,,f,,{},question,4,1,questionnaire,"{""engagement"": 4, ""difficulty"": 3}"
