id,creation_time,property1,property2,property3,property4,property5,failed,time_of_death,details,assignment_id,event_type
1,2018-04-25 20:37:53.309281,,,,,,f,,{},3OS4RQUCRA8QM63UNAEXQRCZMWMFBR,AssignmentAccepted
2,2018-04-25 20:37:53.325723,,,,,,f,,{},3VNL7UK1XGCQISXBNW5IQLILS3MTFV,AssignmentAccepted
3,2018-04-25 20:37:54.439125,,,,,,f,,{},3S3AMIZX3VYCYRH4A4F2DBFWS46CDK,AssignmentAccepted
4,2018-04-25 20:37:54.458294,,,,,,f,,{},3EJJQNKU9SYXG9BPEXONTRTGKX2HR4,AssignmentAccepted
5,2018-04-25 20:37:55.534297,,,,,,f,,{},3U5NZHP4LSVC4WVA15KYOWT1JFEHPC,AssignmentAccepted
6,2018-04-25 20:37:55.546727,,,,,,f,,{},3K2755HG5TWJ131E1653LH0ZPHYFDY,AssignmentAccepted
7,2018-04-25 20:37:56.595018,,,,,,f,,{},3JZQSN0I3R3MDNB53W6BR23W29EFG8,AssignmentAccepted
8,2018-04-25 20:37:56.619972,,,,,,f,,{},3CPLWGV3MPSJM51ENEJE7QQI0N59NI,AssignmentAccepted
9,2018-04-25 20:37:57.674773,,,,,,f,,{},3JV9LGBJWU7GJ0OY2ZP1EWCAUA5OG3,AssignmentAccepted
10,2018-04-25 20:37:57.686682,,,,,,f,,{},36ZN444YTSRUFRUTSNP4Z8PQ9NXOIV,AssignmentAccepted
11,2018-04-25 20:37:58.760698,,,,,,f,,{},3R6P78PK7L4WWST6YGB086IXTIMTGU,AssignmentAccepted
12,2018-04-25 20:37:58.762904,,,,,,f,,{},3WMINLGALCWE0KESQUO0NA7Q719CAI,AssignmentAccepted
13,2018-04-25 20:37:59.833365,,,,,,f,,{},3EFE17QCRDY9HOB2TMOSJ1YC6ZLHSS,AssignmentAccepted
14,2018-04-25 20:37:59.847339,,,,,,f,,{},33ISQZVXPQF2TZBQA8KRT5XE74UCCK,AssignmentAccepted
15,2018-04-25 20:38:00.913711,,,,,,f,,{},32Z9ZLUT1MDUJWJ9M57JZWOB9AIOH2,AssignmentAccepted
16,2018-04-25 20:38:00.918065,,,,,,f,,{},3AAPLD8UCDAAWOOHIMTIT6UY8IZTHT,AssignmentAccepted
17,2018-04-25 20:38:01.986203,,,,,,f,,{},3KRVW3HTZOEV92CDKJ45B668NLKMS6,AssignmentAccepted
18,2018-04-25 20:38:01.984309,,,,,,f,,{},3EO896NRAXO6NUJ76MW35JADLA3TJY,AssignmentAccepted
19,2018-04-25 20:38:03.053595,,,,,,f,,{},3GM6G9ZBKOQWO2PS9J9VLB2UP4YMTV,AssignmentAccepted
20,2018-04-25 20:38:03.054169,,,,,,f,,{},3KIBXJ1WD6NLLMKHSQAGCO431RMKO2,AssignmentAccepted
21,2018-04-25 20:38:04.121313,,,,,,f,,{},3HHRAGRYX9Y14Q1QOTJRMFQNQXA9OX,AssignmentAccepted
22,2018-04-25 20:38:04.144859,,,,,,f,,{},32VNZTT0A8X34XNUZQ44Z2KCFSGR4S,AssignmentAccepted
23,2018-04-25 20:38:05.20243,,,,,,f,,{},36V4Q8R5ZLTJWMX0SFF0G6R75XZMQH,AssignmentAccepted
24,2018-04-25 20:38:05.207808,,,,,,f,,{},3VHP9MDGROD9WBV01AAS1BIH4HMFCY,AssignmentAccepted
25,2018-04-25 20:38:06.258852,,,,,,f,,{},3COPXFW7XC536MWI7QNV1O9TBWIKPJ,AssignmentAccepted
26,2018-04-25 20:38:06.27856,,,,,,f,,{},3BXQMRHWK0RBOF4H9OZ5Q7OW8I5MUM,AssignmentAccepted
27,2018-04-25 20:38:07.315382,,,,,,f,,{},3STRJBFXOXK1YEPPO7WF6YAQ0Z3TKX,AssignmentAccepted
28,2018-04-25 20:39:10.515372,,,,,,f,,{},32VNZTT0A8X34XNUZQ44Z2KCFSGR4S,AssignmentReturned
29,2018-04-25 20:39:20.036191,,,,,,f,,{},3KOPY89HM9V1ODLDR7QCN66FRBN3JO,AssignmentSubmitted
30,2018-04-25 20:39:26.524509,,,,,,f,,{},32VNZTT0A8X34XNUZQ44Z2KCFSGR4S,AssignmentAccepted
31,2018-04-25 20:39:39.3143,,,,,,f,,{},3COPXFW7XC536MWI7QNV1O9TBWIKPJ,AssignmentReturned
32,2018-04-25 20:39:46.193861,,,,,,f,,{},3COPXFW7XC536MWI7QNV1O9TBWIKPJ,AssignmentAccepted
33,2018-04-25 20:41:24.526056,,,,,,f,,{},3HHRAGRYX9Y14Q1QOTJRMFQNQXA9OX,AssignmentSubmitted
34,2018-04-25 20:41:48.516572,,,,,,f,,{},3LQ8PUHQFMLKNA86OAUEFZSPX1GIHY,AssignmentSubmitted
35,2018-04-25 20:41:48.520489,,,,,,f,,{},32VNZTT0A8X34XNUZQ44Z2KCFSGR4S,AssignmentSubmitted
36,2018-04-25 20:41:55.894339,,,,,,f,,{},3GA6AFUKOPH5X7QN37NRBTQ0EJJ3HJ,AssignmentSubmitted
37,2018-04-25 20:42:32.1159,,,,,,f,,{},33ISQZVXPQF2TZBQA8KRT5XE74UCCK,AssignmentSubmitted
38,2018-04-25 20:42:32.181795,,,,,,f,,{},3VNL7UK1XGCQISXBNW5IQLILS3MTFV,AssignmentSubmitted
39,2018-04-25 20:44:03.893309,,,,,,f,,{},3WMINLGALCWE0KESQUO0NA7Q719CAI,AssignmentReturned
40,2018-04-25 20:44:03.961406,,,,,,f,,{},36ZN444YTSRUFRUTSNP4Z8PQ9NXOIV,AssignmentSubmitted
41,2018-04-25 20:44:09.683823,,,,,,f,,{},3WMINLGALCWE0KESQUO0NA7Q719CAI,AssignmentAccepted
42,2018-04-25 20:45:31.658321,,,,,,f,,{},3STRJBFXOXK1YEPPO7WF6YAQ0Z3TKX,AssignmentSubmitted
43,2018-04-25 20:46:29.410074,,,,,,f,,{},3WMINLGALCWE0KESQUO0NA7Q719CAI,AssignmentSubmitted
44,2018-04-25 20:48:13.993187,,,,,,f,,{},3CPLWGV3MPSJM51ENEJE7QQI0N59NI,AssignmentSubmitted
45,2018-04-25 20:48:38.545602,,,,,,f,,{},3OS4RQUCRA8QM63UNAEXQRCZMWMFBR,AssignmentSubmitted
46,2018-04-25 20:50:21.701533,,,,,,f,,{},3YT88D1N09RWZXRV9SQOOL6S60N3KN,AssignmentSubmitted
47,2018-04-25 20:51:04.284666,,,,,,f,,{},3EO896NRAXO6NUJ76MW35JADLA3TJY,AssignmentSubmitted
48,2018-04-25 20:51:04.313745,,,,,,f,,{},3KIBXJ1WD6NLLMKHSQAGCO431RMKO2,AssignmentSubmitted
49,2018-04-25 20:51:19.696111,,,,,,f,,{},3JV9LGBJWU7GJ0OY2ZP1EWCAUA5OG3,AssignmentSubmitted
50,2018-04-25 20:51:19.724952,,,,,,f,,{},3AAPLD8UCDAAWOOHIMTIT6UY8IZTHT,AssignmentSubmitted
51,2018-04-25 20:51:23.488161,,,,,,f,,{},36V4Q8R5ZLTJWMX0SFF0G6R75XZMQH,AssignmentSubmitted
52,2018-04-25 20:51:41.687929,,,,,,f,,{},3VHP9MDGROD9WBV01AAS1BIH4HMFCY,AssignmentSubmitted
53,2018-04-25 20:51:41.797187,,,,,,f,,{},3BXQMRHWK0RBOF4H9OZ5Q7OW8I5MUM,AssignmentSubmitted
54,2018-04-25 20:51:45.33127,,,,,,f,,{},3R6P78PK7L4WWST6YGB086IXTIMTGU,AssignmentSubmitted
55,2018-04-25 20:52:08.310407,,,,,,f,,{},32Z9ZLUT1MDUJWJ9M57JZWOB9AIOH2,AssignmentSubmitted
56,2018-04-25 20:52:25.540945,,,,,,f,,{},3GM6G9ZBKOQWO2PS9J9VLB2UP4YMTV,AssignmentReturned
57,2018-04-25 20:52:43.354309,,,,,,f,,{},3NL0RFNU0GGHHTAZ96V7YQYYK0OK4U,AssignmentAccepted
58,2018-04-25 20:54:44.00329,,,,,,f,,{},3COPXFW7XC536MWI7QNV1O9TBWIKPJ,AssignmentSubmitted
59,2018-04-25 20:56:01.780526,,,,,,f,,{},3U5NZHP4LSVC4WVA15KYOWT1JFEHPC,AssignmentSubmitted
60,2018-04-25 20:57:04.702035,,,,,,f,,{},3EFE17QCRDY9HOB2TMOSJ1YC6ZLHSS,AssignmentSubmitted
61,2018-04-25 20:59:27.661436,,,,,,f,,{},3P529IW9KZE2ZFP6EN3R4U84YQ3LFN,AssignmentAccepted
62,2018-04-25 20:59:29.850633,,,,,,f,,{},3NL0RFNU0GGHHTAZ96V7YQYYK0OK4U,AssignmentSubmitted
63,2018-04-25 21:01:26.056559,,,,,,f,,{},3S3AMIZX3VYCYRH4A4F2DBFWS46CDK,AssignmentReturned
64,2018-04-25 21:02:11.926839,,,,,,f,,{},3QY7M81QH8FE0GSIB4TE12I8B2FK7F,AssignmentAccepted
65,2018-04-25 21:05:19.187166,,,,,,f,,{},39U1BHVTDMKV2GHI314GPCTOPDH3TW,AssignmentSubmitted
66,2018-04-25 21:06:24.685688,,,,,,f,,{},3QY7M81QH8FE0GSIB4TE12I8B2FK7F,AssignmentSubmitted
67,2018-04-25 21:07:18.041869,,,,,,f,,{},3KRVW3HTZOEV92CDKJ45B668NLKMS6,AssignmentSubmitted
68,2018-04-25 21:11:11.770602,,,,,,f,,{},3EJJQNKU9SYXG9BPEXONTRTGKX2HR4,AssignmentReturned
69,2018-04-25 21:11:21.971915,,,,,,f,,{},3EJJQNKU9SYXG9BPEXONTRTGKX2HR4,AssignmentAccepted
70,2018-04-25 21:12:24.659782,,,,,,f,,{},3EJJQNKU9SYXG9BPEXONTRTGKX2HR4,AssignmentSubmitted
71,2018-04-25 21:23:02.66049,,,,,,f,,{},3JZQSN0I3R3MDNB53W6BR23W29EFG8,AssignmentAbandoned
72,2018-04-25 21:23:11.965825,,,,,,f,,{},3K2755HG5TWJ131E1653LH0ZPHYFDY,AssignmentAbandoned
73,2018-04-25 21:23:47.427265,,,,,,f,,{},39N5ACM9HFGJPQDR3TW6BFVD03CP92,AssignmentAccepted
74,2018-04-25 21:23:59.533064,,,,,,f,,{},3FIJLY1B6VXSQ0446FWYLBHO317PFU,AssignmentAccepted
75,2018-04-25 21:26:22.470773,,,,,,f,,{},39N5ACM9HFGJPQDR3TW6BFVD03CP92,AssignmentSubmitted
76,2018-04-25 21:26:50.777227,,,,,,f,,{},3FIJLY1B6VXSQ0446FWYLBHO317PFU,AssignmentSubmitted
