id,creation_time,property1,property2,property3,property4,property5,failed,time_of_death,details,type,fingerprint_hash,worker_id,assignment_id,unique_id,hit_id,mode,end_time,base_pay,bonus,status
14,2018-04-25 20:43:50.777302,,,,,,f,,{},participant,undefined,14,36ZN444YTSRUFRUTSNP4Z8PQ9NXOIV,14:36ZN444YTSRUFRUTSNP4Z8PQ9NXOIV,3ZUE82NE0AU4XO7TUWPLB5QDAV6F8P,undefined,2018-04-25 20:44:03.969804,1,0,approved
10,2018-04-25 20:41:06.675635,,,,,,f,,{},participant,undefined,10,3HHRAGRYX9Y14Q1QOTJRMFQNQXA9OX,10:3HHRAGRYX9Y14Q1QOTJRMFQNQXA9OX,3ZUE82NE0AU4XO7TUWPLB5QDAV6F8P,undefined,2018-04-25 20:41:24.534718,1,0,approved
11,2018-04-25 20:41:29.212988,,,,,,f,,{},participant,undefined,11,32VNZTT0A8X34XNUZQ44Z2KCFSGR4S,11:32VNZTT0A8X34XNUZQ44Z2KCFSGR4S,3ZUE82NE0AU4XO7TUWPLB5QDAV6F8P,undefined,2018-04-25 20:41:48.52865,1,0,approved
15,2018-04-25 20:44:48.120607,,,,,,f,,{},participant,undefined,15,3STRJBFXOXK1YEPPO7WF6YAQ0Z3TKX,15:3STRJBFXOXK1YEPPO7WF6YAQ0Z3TKX,3ZUE82NE0AU4XO7TUWPLB5QDAV6F8P,undefined,2018-04-25 20:45:31.667608,1,0,approved
12,2018-04-25 20:41:54.751812,,,,,,f,,{},participant,undefined,12,33ISQZVXPQF2TZBQA8KRT5XE74UCCK,12:33ISQZVXPQF2TZBQA8KRT5XE74UCCK,3ZUE82NE0AU4XO7TUWPLB5QDAV6F8P,undefined,2018-04-25 20:42:32.124257,1,0,approved
13,2018-04-25 20:42:10.247072,,,,,,f,,{},participant,undefined,13,3VNL7UK1XGCQISXBNW5IQLILS3MTFV,13:3VNL7UK1XGCQISXBNW5IQLILS3MTFV,3ZUE82NE0AU4XO7TUWPLB5QDAV6F8P,undefined,2018-04-25 20:42:32.19226,1,0,approved
18,2018-04-25 20:48:12.697537,,,,,,f,,{},participant,undefined,18,3OS4RQUCRA8QM63UNAEXQRCZMWMFBR,18:3OS4RQUCRA8QM63UNAEXQRCZMWMFBR,3ZUE82NE0AU4XO7TUWPLB5QDAV6F8P,undefined,2018-04-25 20:48:38.553692,1,0,approved
22,2018-04-25 20:56:37.831134,,,,,,f,,{},participant,undefined,22,3EFE17QCRDY9HOB2TMOSJ1YC6ZLHSS,22:3EFE17QCRDY9HOB2TMOSJ1YC6ZLHSS,3ZUE82NE0AU4XO7TUWPLB5QDAV6F8P,undefined,2018-04-25 20:57:04.711438,1,0,approved
16,2018-04-25 20:46:01.815523,,,,,,f,,{},participant,undefined,16,3WMINLGALCWE0KESQUO0NA7Q719CAI,16:3WMINLGALCWE0KESQUO0NA7Q719CAI,3ZUE82NE0AU4XO7TUWPLB5QDAV6F8P,undefined,2018-04-25 20:46:29.418341,1,0,approved
3,2018-04-25 20:38:19.685796,,,,,,f,,{},participant,undefined,3,36V4Q8R5ZLTJWMX0SFF0G6R75XZMQH,3:36V4Q8R5ZLTJWMX0SFF0G6R75XZMQH,3ZUE82NE0AU4XO7TUWPLB5QDAV6F8P,undefined,2018-04-25 20:51:23.496491,1,0,approved
17,2018-04-25 20:46:20.520559,,,,,,f,,{},participant,undefined,17,3CPLWGV3MPSJM51ENEJE7QQI0N59NI,17:3CPLWGV3MPSJM51ENEJE7QQI0N59NI,3ZUE82NE0AU4XO7TUWPLB5QDAV6F8P,undefined,2018-04-25 20:48:14.001898,1,0,approved
19,2018-04-25 20:51:21.25961,,,,,,f,,{},participant,undefined,19,3R6P78PK7L4WWST6YGB086IXTIMTGU,19:3R6P78PK7L4WWST6YGB086IXTIMTGU,3ZUE82NE0AU4XO7TUWPLB5QDAV6F8P,undefined,2018-04-25 20:51:45.340688,1,0,approved
21,2018-04-25 20:54:17.256077,,,,,,f,,{},participant,undefined,21,3COPXFW7XC536MWI7QNV1O9TBWIKPJ,21:3COPXFW7XC536MWI7QNV1O9TBWIKPJ,3ZUE82NE0AU4XO7TUWPLB5QDAV6F8P,undefined,2018-04-25 20:54:44.012288,1,0,approved
5,2018-04-25 20:39:20.272147,,,,,,f,,{},participant,undefined,5,3EO896NRAXO6NUJ76MW35JADLA3TJY,5:3EO896NRAXO6NUJ76MW35JADLA3TJY,3ZUE82NE0AU4XO7TUWPLB5QDAV6F8P,undefined,2018-04-25 20:51:04.293679,1,0,approved
2,2018-04-25 20:38:11.098547,,,,,,f,,{},participant,undefined,2,3KIBXJ1WD6NLLMKHSQAGCO431RMKO2,2:3KIBXJ1WD6NLLMKHSQAGCO431RMKO2,3ZUE82NE0AU4XO7TUWPLB5QDAV6F8P,undefined,2018-04-25 20:51:04.321761,1,1.7,approved
9,2018-04-25 20:40:35.33907,,,,,,f,,{},participant,undefined,9,3AAPLD8UCDAAWOOHIMTIT6UY8IZTHT,9:3AAPLD8UCDAAWOOHIMTIT6UY8IZTHT,3ZUE82NE0AU4XO7TUWPLB5QDAV6F8P,undefined,2018-04-25 20:51:19.732937,1,0,approved
4,2018-04-25 20:39:00.410976,,,,,,f,,{},participant,undefined,4,3JV9LGBJWU7GJ0OY2ZP1EWCAUA5OG3,4:3JV9LGBJWU7GJ0OY2ZP1EWCAUA5OG3,3ZUE82NE0AU4XO7TUWPLB5QDAV6F8P,undefined,2018-04-25 20:51:19.704843,1,0,approved
8,2018-04-25 20:39:36.720664,,,,,,f,,{},participant,undefined,8,32Z9ZLUT1MDUJWJ9M57JZWOB9AIOH2,8:32Z9ZLUT1MDUJWJ9M57JZWOB9AIOH2,3ZUE82NE0AU4XO7TUWPLB5QDAV6F8P,undefined,2018-04-25 20:52:08.318731,1,1.7,approved
6,2018-04-25 20:39:27.379355,,,,,,f,,{},participant,undefined,6,3VHP9MDGROD9WBV01AAS1BIH4HMFCY,6:3VHP9MDGROD9WBV01AAS1BIH4HMFCY,3ZUE82NE0AU4XO7TUWPLB5QDAV6F8P,undefined,2018-04-25 20:51:41.698006,1,0,approved
7,2018-04-25 20:39:34.135066,,,,,,f,,{},participant,undefined,7,3BXQMRHWK0RBOF4H9OZ5Q7OW8I5MUM,7:3BXQMRHWK0RBOF4H9OZ5Q7OW8I5MUM,3ZUE82NE0AU4XO7TUWPLB5QDAV6F8P,undefined,2018-04-25 20:51:41.805729,1,1.7,approved
20,2018-04-25 20:51:58.887041,,,,,,f,,{},participant,undefined,20,3GM6G9ZBKOQWO2PS9J9VLB2UP4YMTV,20:3GM6G9ZBKOQWO2PS9J9VLB2UP4YMTV,3ZUE82NE0AU4XO7TUWPLB5QDAV6F8P,undefined,2018-04-25 20:52:25.550081,,,returned
1,2018-04-25 20:38:10.382618,,,,,,f,,{},participant,undefined,1,3U5NZHP4LSVC4WVA15KYOWT1JFEHPC,1:3U5NZHP4LSVC4WVA15KYOWT1JFEHPC,3ZUE82NE0AU4XO7TUWPLB5QDAV6F8P,undefined,2018-04-25 20:56:01.849359,1,0,approved
23,2018-04-25 20:58:17.432182,,,,,,f,,{},participant,undefined,23,3NL0RFNU0GGHHTAZ96V7YQYYK0OK4U,23:3NL0RFNU0GGHHTAZ96V7YQYYK0OK4U,3ZUE82NE0AU4XO7TUWPLB5QDAV6F8P,undefined,2018-04-25 20:59:29.860097,1,0,approved
24,2018-04-25 21:05:44.627554,,,,,,f,,{},participant,undefined,24,3QY7M81QH8FE0GSIB4TE12I8B2FK7F,24:3QY7M81QH8FE0GSIB4TE12I8B2FK7F,3ZUE82NE0AU4XO7TUWPLB5QDAV6F8P,undefined,2018-04-25 21:06:24.694648,1,0,approved
26,2018-04-25 21:10:54.632374,,,,,,f,,{},participant,undefined,26,3EJJQNKU9SYXG9BPEXONTRTGKX2HR4,26:3EJJQNKU9SYXG9BPEXONTRTGKX2HR4,3ZUE82NE0AU4XO7TUWPLB5QDAV6F8P,undefined,2018-04-25 21:11:11.779399,,,returned
25,2018-04-25 21:06:46.905947,,,,,,f,,{},participant,undefined,25,3KRVW3HTZOEV92CDKJ45B668NLKMS6,25:3KRVW3HTZOEV92CDKJ45B668NLKMS6,3ZUE82NE0AU4XO7TUWPLB5QDAV6F8P,undefined,2018-04-25 21:07:18.050303,1,0,approved
27,2018-04-25 21:12:10.920306,,,,,,f,,{},participant,undefined,27,3EJJQNKU9SYXG9BPEXONTRTGKX2HR4,27:3EJJQNKU9SYXG9BPEXONTRTGKX2HR4,3ZUE82NE0AU4XO7TUWPLB5QDAV6F8P,undefined,2018-04-25 21:12:24.669252,1,0,approved
28,2018-04-25 21:26:09.354971,,,,,,f,,{},participant,undefined,28,39N5ACM9HFGJPQDR3TW6BFVD03CP92,28:39N5ACM9HFGJPQDR3TW6BFVD03CP92,3ZUE82NE0AU4XO7TUWPLB5QDAV6F8P,undefined,2018-04-25 21:26:22.47899,1,0,approved
29,2018-04-25 21:26:33.612257,,,,,,f,,{},participant,undefined,29,3FIJLY1B6VXSQ0446FWYLBHO317PFU,29:3FIJLY1B6VXSQ0446FWYLBHO317PFU,3ZUE82NE0AU4XO7TUWPLB5QDAV6F8P,undefined,2018-04-25 21:26:50.842159,1,0,approved
