id,creation_time,property1,property2,property3,property4,property5,failed,time_of_death,details,type,participant_id,number,question,response
1,2018-04-25 20:50:53.917488,,,,,,f,,{},question,5,1,questionnaire,"{""engagement"":""5"",""difficulty"":""4""}"
2,2018-04-25 20:50:53.939683,,,,,,f,,{},question,2,1,questionnaire,"{""engagement"":""7"",""difficulty"":""1""}"
3,2018-04-25 20:50:54.106295,,,,,,f,,{},question,1,1,questionnaire,"{""engagement"":""7"",""difficulty"":""4""}"
4,2018-04-25 20:50:54.265881,,,,,,f,,{},question,3,1,questionnaire,"{""engagement"":""7"",""difficulty"":""3""}"
5,2018-04-25 20:50:55.76868,,,,,,f,,{},question,8,1,questionnaire,"{""engagement"":""5"",""difficulty"":""3""}"
6,2018-04-25 20:50:56.70723,,,,,,f,,{},question,4,1,questionnaire,"{""engagement"":""4"",""difficulty"":""6""}"
7,2018-04-25 20:51:00.21918,,,,,,f,,{},question,9,1,questionnaire,"{""engagement"":""7"",""difficulty"":""4""}"
8,2018-04-25 20:51:02.800044,,,,,,f,,{},question,6,1,questionnaire,"{""engagement"":""6"",""difficulty"":""5""}"
9,2018-04-25 20:51:09.452051,,,,,,f,,{},question,7,1,questionnaire,"{""engagement"":""7"",""difficulty"":""4""}"
