id,creation_time,property1,property2,property3,property4,property5,failed,time_of_death,details,assignment_id,event_type
1,2018-06-02 05:52:24.229584,,,,,,f,,{},TSC5FT,BotAssignmentSubmitted
2,2018-06-02 05:52:24.255286,,,,,,f,,{},HDY8XV,BotAssignmentSubmitted
3,2018-06-02 05:52:24.257159,,,,,,f,,{},NO4E6I,BotAssignmentSubmitted
4,2018-06-02 05:52:24.354045,,,,,,f,,{},KQSPBX,BotAssignmentSubmitted
5,2018-06-02 05:52:24.55288,,,,,,f,,{},2K9NVF,BotAssignmentSubmitted
6,2018-06-02 05:52:24.644999,,,,,,f,,{},81KAFG,BotAssignmentSubmitted
7,2018-06-02 05:52:25.355358,,,,,,f,,{},262CJZ,BotAssignmentSubmitted
8,2018-06-02 05:52:26.242215,,,,,,f,,{},61YY58,BotAssignmentSubmitted
9,2018-06-02 05:52:27.604528,,,,,,f,,{},FUDK1Y,BotAssignmentSubmitted
