id,creation_time,property1,property2,property3,property4,property5,failed,time_of_death,details,type,fingerprint_hash,recruiter_id,worker_id,assignment_id,unique_id,hit_id,mode,end_time,base_pay,bonus,status
3,2018-06-02 05:42:23.234308,,,,,,f,,{},participant,1c28ddc397b2468783f3095a0b9fa7ac,bots,3,TSC5FT,3:TSC5FT,1GXZR3,debug,2018-06-02 05:52:24.240612,,,approved
19,2018-06-02 05:42:23.741242,,,,,,f,,{},participant,e45a51204d73496195fdfaee1ebcb9a9,bots,19,HDY8XV,19:HDY8XV,II40CQ,debug,2018-06-02 05:52:24.263884,,,approved
2,2018-06-02 05:42:23.077052,,,,,,f,,{},participant,4ee4bc5e4f0a4332b3a833a9a4abeeaf,bots,2,NO4E6I,2:NO4E6I,X4N6TX,debug,2018-06-02 05:52:24.266265,,,approved
1,2018-06-02 05:42:23.018608,,,,,,f,,{},participant,e4b19503d0d34a429281e3b8f8c905a5,bots,1,KQSPBX,1:KQSPBX,L91RZ5,debug,2018-06-02 05:52:24.362431,,,approved
4,2018-06-02 05:42:23.514215,,,,,,f,,{},participant,99596f9d38af40919c0748611fc22882,bots,4,2K9NVF,4:2K9NVF,2W0A56,debug,2018-06-02 05:52:24.56174,,,approved
21,2018-06-02 05:42:23.767614,,,,,,f,,{},participant,2dd8633ce5ed48a090fe5745e1e6d468,bots,21,81KAFG,21:81KAFG,VEU7GM,debug,2018-06-02 05:52:24.652814,,,approved
12,2018-06-02 05:42:23.65686,,,,,,f,,{},participant,24387efb607b4cb884d05bd904cafe04,bots,12,262CJZ,12:262CJZ,TZUBGI,debug,2018-06-02 05:52:25.363114,,,approved
16,2018-06-02 05:42:23.70404,,,,,,f,,{},participant,2a48663f2c734364bc56cb32fe2fe509,bots,16,61YY58,16:61YY58,4RCI9B,debug,2018-06-02 05:52:26.25006,,,approved
8,2018-06-02 05:42:23.602403,,,,,,f,,{},participant,f833bb851e9a4eaebb61d2f0d43a0f61,bots,8,FUDK1Y,8:FUDK1Y,SEM4T8,debug,2018-06-02 05:52:27.612193,,,approved
