id,creation_time,property1,property2,property3,property4,property5,failed,time_of_death,details,type,participant_id,number,question,response
1,2018-06-02 05:52:24.184553,,,,,,f,,{},question,3,1,questionnaire,"{""engagement"": 4, ""difficulty"": 3}"
2,2018-06-02 05:52:24.189466,,,,,,f,,{},question,19,1,questionnaire,"{""engagement"": 4, ""difficulty"": 3}"
3,2018-06-02 05:52:24.200537,,,,,,f,,{},question,2,1,questionnaire,"{""engagement"": 4, ""difficulty"": 3}"
4,2018-06-02 05:52:24.30751,,,,,,f,,{},question,1,1,questionnaire,"{""engagement"": 4, ""difficulty"": 3}"
5,2018-06-02 05:52:24.506911,,,,,,f,,{},question,4,1,questionnaire,"{""engagement"": 4, ""difficulty"": 3}"
6,2018-06-02 05:52:24.602417,,,,,,f,,{},question,21,1,questionnaire,"{""engagement"": 4, ""difficulty"": 3}"
7,2018-06-02 05:52:25.31195,,,,,,f,,{},question,12,1,questionnaire,"{""engagement"": 4, ""difficulty"": 3}"
8,2018-06-02 05:52:26.195521,,,,,,f,,{},question,16,1,questionnaire,"{""engagement"": 4, ""difficulty"": 3}"
9,2018-06-02 05:52:27.561613,,,,,,f,,{},question,8,1,questionnaire,"{""engagement"": 4, ""difficulty"": 3}"
