id,creation_time,property1,property2,property3,property4,property5,failed,time_of_death,details,assignment_id,event_type
1,2018-06-02 03:23:26.361806,,,,,,f,,{},IQI7HQ,BotAssignmentSubmitted
2,2018-06-02 03:23:26.404728,,,,,,f,,{},HMMCM7,BotAssignmentSubmitted
3,2018-06-02 03:23:26.527605,,,,,,f,,{},RX3H2C,BotAssignmentSubmitted
4,2018-06-02 03:23:26.542875,,,,,,f,,{},E4UN85,BotAssignmentSubmitted
5,2018-06-02 03:23:26.553109,,,,,,f,,{},W7J2WT,BotAssignmentSubmitted
6,2018-06-02 03:23:26.662503,,,,,,f,,{},R9BCC0,BotAssignmentSubmitted
7,2018-06-02 03:23:27.528898,,,,,,f,,{},N43EL0,BotAssignmentSubmitted
8,2018-06-02 03:23:27.974764,,,,,,f,,{},UQQXEW,BotAssignmentSubmitted
9,2018-06-02 03:23:28.149903,,,,,,f,,{},VR4GVI,BotAssignmentSubmitted
