id,creation_time,property1,property2,property3,property4,property5,failed,time_of_death,details,type,fingerprint_hash,recruiter_id,worker_id,assignment_id,unique_id,hit_id,mode,end_time,base_pay,bonus,status
3,2018-06-02 03:13:25.681398,,,,,,f,,{},participant,9c96b371f8e6494b89c5697fd1093f08,bots,3,IQI7HQ,3:IQI7HQ,ARQ30E,debug,2018-06-02 03:23:26.369562,,,approved
13,2018-06-02 03:13:25.982997,,,,,,f,,{},participant,fb0e51c0709f423ca8c17892576e2ce1,bots,13,HMMCM7,13:HMMCM7,3H34JK,debug,2018-06-02 03:23:26.411329,,,approved
18,2018-06-02 03:13:26.048099,,,,,,f,,{},participant,b4d317e0d75e4faf8d8de696ac9c8de9,bots,18,RX3H2C,18:RX3H2C,B7A6BB,debug,2018-06-02 03:23:26.534967,,,approved
16,2018-06-02 03:13:26.020336,,,,,,f,,{},participant,3ed8c0bf4a2649b2911edf5ec6cb9187,bots,16,E4UN85,16:E4UN85,JAMAZZ,debug,2018-06-02 03:23:26.550333,,,approved
7,2018-06-02 03:13:25.850021,,,,,,f,,{},participant,8ff74bc0fe914fe2b474d045b57482d8,bots,7,W7J2WT,7:W7J2WT,H3PPT5,debug,2018-06-02 03:23:26.559758,,,approved
10,2018-06-02 03:13:25.922101,,,,,,f,,{},participant,dcb2189c32e448e0a7011c5e9789c7e3,bots,10,R9BCC0,10:R9BCC0,LTW38P,debug,2018-06-02 03:23:26.669389,,,approved
5,2018-06-02 03:13:25.754356,,,,,,f,,{},participant,3d7edcbf3f944487bc26e4b8889d7915,bots,5,N43EL0,5:N43EL0,Y591Q9,debug,2018-06-02 03:23:27.535432,,,approved
2,2018-06-02 03:13:25.606676,,,,,,f,,{},participant,8184cec647414b60928f4eae85ff3d65,bots,2,UQQXEW,2:UQQXEW,12Y0MO,debug,2018-06-02 03:23:27.980768,,,approved
1,2018-06-02 03:13:25.504799,,,,,,f,,{},participant,bdfea9d679684996b399991ff921578a,bots,1,VR4GVI,1:VR4GVI,UE9ZGT,debug,2018-06-02 03:23:28.15623,,,approved
