id,creation_time,property1,property2,property3,property4,property5,failed,time_of_death,details,type,participant_id,number,question,response
1,2018-06-02 03:23:26.291445,,,,,,f,,{},question,3,1,questionnaire,"{""engagement"": 4, ""difficulty"": 3}"
2,2018-06-02 03:23:26.364274,,,,,,f,,{},question,13,1,questionnaire,"{""engagement"": 4, ""difficulty"": 3}"
3,2018-06-02 03:23:26.481805,,,,,,f,,{},question,18,1,questionnaire,"{""engagement"": 4, ""difficulty"": 3}"
4,2018-06-02 03:23:26.495761,,,,,,f,,{},question,16,1,questionnaire,"{""engagement"": 4, ""difficulty"": 3}"
5,2018-06-02 03:23:26.510585,,,,,,f,,{},question,7,1,questionnaire,"{""engagement"": 4, ""difficulty"": 3}"
6,2018-06-02 03:23:26.624918,,,,,,f,,{},question,10,1,questionnaire,"{""engagement"": 4, ""difficulty"": 3}"
7,2018-06-02 03:23:27.491228,,,,,,f,,{},question,5,1,questionnaire,"{""engagement"": 4, ""difficulty"": 3}"
8,2018-06-02 03:23:27.938045,,,,,,f,,{},question,2,1,questionnaire,"{""engagement"": 4, ""difficulty"": 3}"
9,2018-06-02 03:23:28.111514,,,,,,f,,{},question,1,1,questionnaire,"{""engagement"": 4, ""difficulty"": 3}"
