id,creation_time,property1,property2,property3,property4,property5,failed,time_of_death,details,assignment_id,event_type
1,2018-04-25 19:47:09.557116,,,,,,f,,{},34X6J5FLPURTVERFPI280EZQ13VJQ1,AssignmentAccepted
2,2018-04-25 19:47:09.622399,,,,,,f,,{},3IX2EGZR7CCT7F6F2XR8549VXPXJR2,AssignmentAccepted
3,2018-04-25 19:47:12.86202,,,,,,f,,{},37Z929RLGA1ZMX2XTG5HXK10HT7TS5,AssignmentAccepted
4,2018-04-25 19:47:12.927339,,,,,,f,,{},3EO896NRAXO6NUJ76MW35JADLAUJTF,AssignmentAccepted
5,2018-04-25 19:47:13.981518,,,,,,f,,{},3Y54SXRO1MEF1AU1IL0HCLJO2QSTUL,AssignmentAccepted
6,2018-04-25 19:47:14.036179,,,,,,f,,{},35GMH2SV3FAIZMS7W4ZDETRYHUHOED,AssignmentAccepted
7,2018-04-25 19:47:15.078371,,,,,,f,,{},3H7XDTSHKDKOO9X0TLGBVQPWXCVWGE,AssignmentAccepted
8,2018-04-25 19:47:15.169974,,,,,,f,,{},3VD82FOHKRH32O8T0DTIO5RVWI4OCK,AssignmentAccepted
9,2018-04-25 19:47:16.208186,,,,,,f,,{},3Z7VU45IPZAVEPC2MPFFN7F8CPH1ZA,AssignmentAccepted
10,2018-04-25 19:47:16.312096,,,,,,f,,{},3EJPLAJKEN9QLBDZSVRWI36PK0WZ65,AssignmentAccepted
11,2018-04-25 19:47:17.3325,,,,,,f,,{},3LRKMWOKB6A23AUY5TFTSQPD4VUZ2O,AssignmentAccepted
12,2018-04-25 19:47:17.437875,,,,,,f,,{},3KYQYYSHYW0D7GE709OT8B9DHIGODK,AssignmentAccepted
13,2018-04-25 19:47:18.467812,,,,,,f,,{},38SKSKU7R2QM96RWFV9C7RLWEIJLI2,AssignmentAccepted
14,2018-04-25 19:47:18.568265,,,,,,f,,{},3JV9LGBJWU7GJ0OY2ZP1EWCAUAWOGU,AssignmentAccepted
15,2018-04-25 19:47:19.577137,,,,,,f,,{},31LVTDXBL83Z25UF5I3LLJMN1E2LR6,AssignmentAccepted
16,2018-04-25 19:47:19.738298,,,,,,f,,{},3A4NIXBJ77S85PHN0A74ZKSDVR3LMI,AssignmentAccepted
17,2018-04-25 19:47:20.71775,,,,,,f,,{},3KJYX6QCMA4L0MNWBHWI61YYIVAJVV,AssignmentAccepted
18,2018-04-25 19:47:20.855617,,,,,,f,,{},3K9FOBBF2ICEN72NCBM4CZHD0HDLNI,AssignmentAccepted
19,2018-04-25 19:47:21.840528,,,,,,f,,{},308XBLVESJXNPW83E5ER7GQIPKORBP,AssignmentAccepted
20,2018-04-25 19:47:21.992535,,,,,,f,,{},3A7Y0R2P2PHD4BSRBWX0UMVJY6IJXY,AssignmentAccepted
21,2018-04-25 19:47:22.932462,,,,,,f,,{},3SPJ033422W24GI1GSJ2D02S0CCJY4,AssignmentAccepted
22,2018-04-25 19:47:23.105439,,,,,,f,,{},34PGFRQONP4YFBN11R1ES3HCP4CWJI,AssignmentAccepted
23,2018-04-25 19:47:24.031327,,,,,,f,,{},3T111IHZ5FJ413T6GL0VGAVS1KLR9F,AssignmentAccepted
24,2018-04-25 19:47:24.237917,,,,,,f,,{},35GCEFQ6I6HROSQH9TTYB0U5A9UZ3Z,AssignmentAccepted
25,2018-04-25 19:47:25.125546,,,,,,f,,{},3P1L2B7AD2IW5S2ZDQMHROHIQRILOX,AssignmentAccepted
26,2018-04-25 19:47:25.349868,,,,,,f,,{},3KXIR214I59M0D69K0P3YUC430S24G,AssignmentAccepted
27,2018-04-25 19:47:30.233934,,,,,,f,,{},3V5Q80FXIYK1IHN5KMKKOPKYP0W23V,AssignmentAccepted
28,2018-04-25 19:52:21.145532,,,,,,f,,{},3H7XDTSHKDKOO9X0TLGBVQPWXCVWGE,AssignmentSubmitted
29,2018-04-25 19:53:14.779233,,,,,,f,,{},3JV9LGBJWU7GJ0OY2ZP1EWCAUAWOGU,AssignmentSubmitted
30,2018-04-25 19:53:45.353859,,,,,,f,,{},308XBLVESJXNPW83E5ER7GQIPKORBP,AssignmentSubmitted
31,2018-04-25 19:53:48.58272,,,,,,f,,{},3A7Y0R2P2PHD4BSRBWX0UMVJY6IJXY,AssignmentReturned
32,2018-04-25 19:53:48.613591,,,,,,f,,{},3A7Y0R2P2PHD4BSRBWX0UMVJY6IJXY,AssignmentAccepted
33,2018-04-25 19:59:30.307505,,,,,,f,,{},3A7Y0R2P2PHD4BSRBWX0UMVJY6IJXY,AssignmentReturned
34,2018-04-25 19:59:51.796603,,,,,,f,,{},3A7Y0R2P2PHD4BSRBWX0UMVJY6IJXY,AssignmentAccepted
35,2018-04-25 20:01:48.929145,,,,,,f,,{},38SKSKU7R2QM96RWFV9C7RLWEIJLI2,AssignmentSubmitted
36,2018-04-25 20:02:10.171488,,,,,,f,,{},35GCEFQ6I6HROSQH9TTYB0U5A9UZ3Z,AssignmentSubmitted
37,2018-04-25 20:02:10.175734,,,,,,f,,{},31LVTDXBL83Z25UF5I3LLJMN1E2LR6,AssignmentSubmitted
38,2018-04-25 20:02:14.020572,,,,,,f,,{},3KYQYYSHYW0D7GE709OT8B9DHIGODK,AssignmentSubmitted
39,2018-04-25 20:02:14.366857,,,,,,f,,{},3VD82FOHKRH32O8T0DTIO5RVWI4OCK,AssignmentSubmitted
40,2018-04-25 20:02:17.735575,,,,,,f,,{},3Z7VU45IPZAVEPC2MPFFN7F8CPH1ZA,AssignmentSubmitted
41,2018-04-25 20:02:18.244028,,,,,,f,,{},35GMH2SV3FAIZMS7W4ZDETRYHUHOED,AssignmentSubmitted
42,2018-04-25 20:02:29.795826,,,,,,f,,{},3KJYX6QCMA4L0MNWBHWI61YYIVAJVV,AssignmentSubmitted
43,2018-04-25 20:02:29.899841,,,,,,f,,{},3EJPLAJKEN9QLBDZSVRWI36PK0WZ65,AssignmentSubmitted
44,2018-04-25 20:02:33.746178,,,,,,f,,{},3IX2EGZR7CCT7F6F2XR8549VXPXJR2,AssignmentSubmitted
