id,creation_time,property1,property2,property3,property4,property5,failed,time_of_death,details,type,fingerprint_hash,worker_id,assignment_id,unique_id,hit_id,mode,end_time,base_pay,bonus,status
10,2018-04-25 19:52:02.291698,,,,,,f,,{},participant,undefined,10,3H7XDTSHKDKOO9X0TLGBVQPWXCVWGE,10:3H7XDTSHKDKOO9X0TLGBVQPWXCVWGE,3S8A4GJRD3W6P7AV1WXR9DX8SUZ6VD,undefined,2018-04-25 19:52:21.154595,1,0,approved
9,2018-04-25 19:51:37.628758,,,,,,f,,{},participant,undefined,9,3IX2EGZR7CCT7F6F2XR8549VXPXJR2,9:3IX2EGZR7CCT7F6F2XR8549VXPXJR2,3S8A4GJRD3W6P7AV1WXR9DX8SUZ6VD,undefined,2018-04-25 20:02:33.755733,1,0,approved
11,2018-04-25 19:52:32.587248,,,,,,f,,{},participant,undefined,11,3JV9LGBJWU7GJ0OY2ZP1EWCAUAWOGU,11:3JV9LGBJWU7GJ0OY2ZP1EWCAUAWOGU,3S8A4GJRD3W6P7AV1WXR9DX8SUZ6VD,undefined,2018-04-25 19:53:14.788708,1,0,approved
6,2018-04-25 19:47:58.113702,,,,,,f,,{},participant,undefined,6,3KYQYYSHYW0D7GE709OT8B9DHIGODK,6:3KYQYYSHYW0D7GE709OT8B9DHIGODK,3S8A4GJRD3W6P7AV1WXR9DX8SUZ6VD,undefined,2018-04-25 20:02:14.03027,1,0,approved
1,2018-04-25 19:47:22.611148,,,,,,f,,{},participant,undefined,1,3VD82FOHKRH32O8T0DTIO5RVWI4OCK,1:3VD82FOHKRH32O8T0DTIO5RVWI4OCK,3S8A4GJRD3W6P7AV1WXR9DX8SUZ6VD,undefined,2018-04-25 20:02:14.37889,1,2.44,approved
12,2018-04-25 19:53:34.097591,,,,,,f,,{},participant,undefined,12,308XBLVESJXNPW83E5ER7GQIPKORBP,12:308XBLVESJXNPW83E5ER7GQIPKORBP,3S8A4GJRD3W6P7AV1WXR9DX8SUZ6VD,undefined,2018-04-25 19:53:45.363412,1,0,approved
13,2018-04-25 19:58:10.04828,,,,,,f,,{},participant,undefined,13,3A7Y0R2P2PHD4BSRBWX0UMVJY6IJXY,13:3A7Y0R2P2PHD4BSRBWX0UMVJY6IJXY,3S8A4GJRD3W6P7AV1WXR9DX8SUZ6VD,undefined,2018-04-25 19:59:30.316814,,,returned
15,2018-04-25 20:02:37.725499,,,,,,f,,{},participant,undefined,15,3LRKMWOKB6A23AUY5TFTSQPD4VUZ2O,15:3LRKMWOKB6A23AUY5TFTSQPD4VUZ2O,3S8A4GJRD3W6P7AV1WXR9DX8SUZ6VD,undefined,2018-04-25 20:02:43.12372,,,working
14,2018-04-25 20:01:00.565284,,,,,,f,,{},participant,undefined,14,38SKSKU7R2QM96RWFV9C7RLWEIJLI2,14:38SKSKU7R2QM96RWFV9C7RLWEIJLI2,3S8A4GJRD3W6P7AV1WXR9DX8SUZ6VD,undefined,2018-04-25 20:01:48.938679,1,0,approved
8,2018-04-25 19:50:09.352752,,,,,,f,,{},participant,undefined,8,35GCEFQ6I6HROSQH9TTYB0U5A9UZ3Z,8:35GCEFQ6I6HROSQH9TTYB0U5A9UZ3Z,3S8A4GJRD3W6P7AV1WXR9DX8SUZ6VD,undefined,2018-04-25 20:02:10.180656,1,0,approved
3,2018-04-25 19:47:31.913748,,,,,,f,,{},participant,undefined,3,31LVTDXBL83Z25UF5I3LLJMN1E2LR6,3:31LVTDXBL83Z25UF5I3LLJMN1E2LR6,3S8A4GJRD3W6P7AV1WXR9DX8SUZ6VD,undefined,2018-04-25 20:02:10.184917,1,2.44,approved
4,2018-04-25 19:47:39.52355,,,,,,f,,{},participant,undefined,4,3Z7VU45IPZAVEPC2MPFFN7F8CPH1ZA,4:3Z7VU45IPZAVEPC2MPFFN7F8CPH1ZA,3S8A4GJRD3W6P7AV1WXR9DX8SUZ6VD,undefined,2018-04-25 20:02:17.745638,1,2.44,approved
7,2018-04-25 19:48:12.156783,,,,,,f,,{},participant,undefined,7,35GMH2SV3FAIZMS7W4ZDETRYHUHOED,7:35GMH2SV3FAIZMS7W4ZDETRYHUHOED,3S8A4GJRD3W6P7AV1WXR9DX8SUZ6VD,undefined,2018-04-25 20:02:18.255373,1,0,approved
2,2018-04-25 19:47:25.229025,,,,,,f,,{},participant,undefined,2,3KJYX6QCMA4L0MNWBHWI61YYIVAJVV,2:3KJYX6QCMA4L0MNWBHWI61YYIVAJVV,3S8A4GJRD3W6P7AV1WXR9DX8SUZ6VD,undefined,2018-04-25 20:02:29.805262,1,0,approved
5,2018-04-25 19:47:48.261392,,,,,,f,,{},participant,undefined,5,3EJPLAJKEN9QLBDZSVRWI36PK0WZ65,5:3EJPLAJKEN9QLBDZSVRWI36PK0WZ65,3S8A4GJRD3W6P7AV1WXR9DX8SUZ6VD,undefined,2018-04-25 20:02:29.909499,1,0,approved
