id,creation_time,property1,property2,property3,property4,property5,failed,time_of_death,details,type,participant_id,number,question,response
1,2018-04-25 20:01:55.053023,,,,,,f,,{},question,8,1,questionnaire,"{""engagement"":""4"",""difficulty"":""4""}"
2,2018-04-25 20:01:55.074182,,,,,,f,,{},question,5,1,questionnaire,"{""engagement"":""7"",""difficulty"":""4""}"
3,2018-04-25 20:01:55.28293,,,,,,f,,{},question,1,1,questionnaire,"{""engagement"":""7"",""difficulty"":""5""}"
4,2018-04-25 20:01:56.212153,,,,,,f,,{},question,9,1,questionnaire,"{""engagement"":""5"",""difficulty"":""5""}"
5,2018-04-25 20:01:56.603226,,,,,,f,,{},question,3,1,questionnaire,"{""engagement"":""7"",""difficulty"":""5""}"
6,2018-04-25 20:01:57.967273,,,,,,f,,{},question,6,1,questionnaire,"{""engagement"":""3"",""difficulty"":""4""}"
7,2018-04-25 20:01:58.231967,,,,,,f,,{},question,4,1,questionnaire,"{""engagement"":""7"",""difficulty"":""1""}"
8,2018-04-25 20:02:01.670843,,,,,,f,,{},question,7,1,questionnaire,"{""engagement"":""7"",""difficulty"":""1""}"
9,2018-04-25 20:02:05.84695,,,,,,f,,{},question,2,1,questionnaire,"{""engagement"":""6"",""difficulty"":""2""}"
